,Date,VWSTX,XLE,EWJ,VWEHX,XLP,VWAHX,VFIIX,XLV,VUSTX,VWESX,XLY,DIA,XLK,SPY,VFITX
0,1998-12-01,10.20071,14.92939,30.093813,1.7905959999999999,16.899193,4.222509,4.100963,19.295713,3.6114319999999998,2.633096,20.297771,57.460266000000004,25.592648,83.58946999999999,4.4337860000000004
1,1999-01-01,10.250487,13.950085000000001,30.857737,1.825204,16.675558,4.300078,4.134924,20.2234,3.6472,2.7083459999999997,21.341785,58.65805400000001,29.661974,86.821449,4.462961
2,1999-02-01,10.270205,13.830162,29.755667,1.8145189999999998,16.500536,4.287987,4.1055410000000006,20.246593,3.4746339999999996,2.609131,21.208251999999998,58.508972,26.720297,84.037201,4.327589
3,1999-03-01,10.278763,15.728817000000001,33.796566,1.8283150000000001,16.45191,4.285641,4.13151,20.780008,3.4222080000000004,2.595772,22.215857999999997,61.669216000000006,28.705940000000002,87.310272,4.351017
4,1999-04-01,10.304542,18.122072,35.265984,1.8528310000000001,15.906279999999999,4.304562000000001,4.14957,21.522154,3.468147,2.6081220000000003,22.823326,68.0009,28.877533000000003,90.84565699999999,4.3643410000000005
5,1999-05-01,10.323103,17.730946,33.245533,1.822428,15.740692000000001,4.275253,4.11521,20.861176,3.408661,2.5652209999999998,21.790318,66.442596,28.975592,88.768417,4.30345
6,1999-06-01,10.316452,18.001728,36.735394,1.813823,15.954977,4.207254,4.084789,21.777262,3.3729660000000004,2.534509,23.163601,69.264175,31.757933,93.402313,4.2923860000000005
7,1999-07-01,10.323103999999999,18.435617,39.490555,1.8143200000000002,15.422116,4.218074,4.058797,21.127882,3.353507,2.5094369999999997,21.466743,67.417198,31.390217,90.778,4.272775
8,1999-08-01,10.335116000000001,18.637220000000003,39.306866,1.795868,15.686166,4.165487000000001,4.053008999999999,20.177015,3.337072,2.499437,20.639221,68.645973,32.493347,90.307877,4.269838
9,1999-09-01,10.373927,17.69981,41.106773,1.7968259999999998,14.238806,4.161032,4.129697,19.898708,3.3675889999999997,2.522768,20.310654,65.850426,32.358517,88.042679,4.316808999999999
10,1999-10-01,10.392750999999999,17.516823000000002,43.687462,1.799794,15.574710999999999,4.103128,4.153,20.90756,3.37144,2.527732,22.143279999999997,68.435982,33.339073,93.94811999999999,4.321905999999999
11,1999-11-01,10.425775,17.486439,44.977821,1.830275,15.623710999999998,4.139431,4.155643,21.151085000000002,3.351958,2.524195,22.155473999999998,69.17465200000001,36.611709999999995,95.512497,4.319116999999999
12,1999-12-01,10.437956,17.557316,48.111519,1.843263,14.447521,4.105899,4.137206,22.925266,3.2978080000000003,2.501404,24.227222,73.437859,42.262184000000005,100.719902,4.277779
13,2000-01-01,10.458989,17.751268,45.673264,1.828925,14.617526999999999,4.056172,4.097467,22.476236,3.339524,2.506918,21.24367,69.87894399999999,39.664467,95.940262,4.258156
14,2000-02-01,10.499788,16.999786,45.116264,1.832216,12.907071,4.118091000000001,4.15552,21.006586,3.439715,2.528049,20.060072,64.85629300000001,43.831944,94.479424,4.3024830000000005
15,2000-03-01,10.532557,19.051138,49.015205,1.814359,13.349426000000001,4.212296,4.226872,22.896132,3.5464879999999996,2.567652,22.854333999999998,69.971298,47.509132,103.37316899999999,4.388274
16,2000-04-01,10.554459,18.829676,45.301933,1.8282060000000002,14.102329000000001,4.1914620000000005,4.221414,22.627869,3.523252,2.535813,22.422112,68.87439,43.145546,99.99614,4.377534
17,2000-05-01,10.576439,21.040728,42.702641,1.8056990000000002,15.108227,4.161267,4.237369999999999,22.021355,3.5064910000000005,2.499937,21.21176,67.462074,38.659386,98.42395,4.3836260000000005
18,2000-06-01,10.656427,19.787457,45.116264,1.8510630000000001,15.92676,4.271276,4.310006,22.068003,3.588977,2.576435,20.02585,66.96686600000001,42.50816,100.125336,4.482267
19,2000-07-01,10.706938000000001,19.125507,40.103352,1.872581,15.380348000000001,4.333933,4.330572,21.741411,3.642,2.617291,20.382637,67.404442,40.252823,98.78520999999999,4.509901999999999
20,2000-08-01,10.758289999999999,21.214160999999997,41.402988,1.90273,15.192552,4.405392,4.399573999999999,22.511236,3.7173220000000002,2.6554349999999998,19.537454999999998,72.30103299999999,44.346748,105.23992199999999,4.582133
21,2000-09-01,10.788969,21.470116,40.664867,1.877171,15.805392000000001,4.3874889999999995,4.446917,21.694754,3.686692,2.664931,19.512953,68.619873,36.379523999999996,99.216957,4.624756
22,2000-10-01,10.832294000000001,20.976822,38.938519,1.843031,16.966875,4.425262,4.472308,22.021355,3.744531,2.683623,19.315794,70.49973299999999,34.295807,99.000923,4.666206
23,2000-11-01,10.870871000000001,19.876575,36.061287,1.7791240000000001,17.552277,4.446394000000001,4.542478,20.015165,3.8570269999999995,2.7257599999999997,18.836889000000003,67.36580699999999,27.260126,91.610222,4.766416
24,2000-12-01,10.950395,21.84057,33.951332,1.82624,18.137686,4.549558,4.604151,20.341749,3.9521669999999998,2.797701,20.113962,68.98620600000001,24.56354,90.85276800000001,4.881254
25,2001-01-01,11.052829,21.207855,35.517723,1.9156689999999998,16.864462,4.588322,4.679687,21.816275,3.963824,2.873623,22.509201,70.28486600000001,29.260517,95.183052,4.946839
26,2001-02-01,11.084747,20.950428,34.000164,1.930411,16.966362,4.6272660000000005,4.705677,21.398160999999998,4.037526000000001,2.909898,20.901966,67.987,21.972851000000002,86.10374499999999,5.012417
27,2001-03-01,11.134521000000001,20.263964,33.063778000000006,1.904443,15.743554000000001,4.682171,4.731783999999999,20.024378,4.010357,2.904228,20.555309,64.289734,19.454718,81.06049300000001,5.034406
28,2001-04-01,11.159485,22.424173,36.228088,1.902451,16.096218,4.63804,4.734592,21.506609,3.9080730000000004,2.8629599999999997,21.552418,69.634079,22.600412,88.223221,4.977589
29,2001-05-01,11.226092999999999,22.212303,35.16256,1.916957,16.332548000000003,4.694764,4.769722,22.328049,3.9155300000000004,2.885473,22.065584,70.89825400000001,21.674747,87.72865300000001,4.987706
30,2001-06-01,11.265614999999999,20.093691,33.031487,1.863211,15.52774,4.73888,4.781466,22.066681,3.94668,2.902056,21.84453,68.511002,22.098356,85.395317,5.008255
31,2001-07-01,11.310300999999999,19.955256,30.351521999999996,1.886293,16.051287,4.800622,4.872536,21.63504,4.088975,3.014113,22.86496,68.445,20.568657,84.764984,5.139946
32,2001-08-01,11.377574000000001,19.110485,29.512012,1.9037259999999998,16.128191,4.89008,4.907806,20.536854,4.172636,3.068483,20.863285,65.158737,18.058367,79.73569499999999,5.198529
33,2001-09-01,11.422574000000001,17.174831,27.122628999999996,1.8127950000000002,16.057699,4.830511,4.975765,17.556063,4.210847,3.039598,18.173294,57.702208999999996,15.100938000000001,72.953094,5.326834
34,2001-10-01,11.458260000000001,17.967108,27.090346999999998,1.84165,16.005905,4.860953,5.0440949999999996,17.652962,4.42669,3.178107,19.188128,59.358706999999995,16.748316,74.180382,5.443928
35,2001-11-01,11.456803,16.963724,27.058058000000003,1.894786,16.712988,4.832753,4.993137,19.700769,4.201934,3.107071,21.743366,64.606125,19.250751,79.96476700000001,5.316503
36,2001-12-01,11.481696000000001,17.860077,24.894709,1.881623,16.327299,4.794797,4.9754760000000005,20.141712,4.125205,3.066736,22.695631,65.48957800000001,18.827143,80.140038,5.255533
37,2002-01-01,11.543401,17.295576,23.054234,1.8961400000000002,16.275265,4.854116,5.029062000000001,20.027673999999998,4.175461,3.112374,23.478371,65.260811,18.623188,79.62773100000001,5.279596
38,2002-02-01,11.589787,17.886646,24.119772,1.8830810000000002,16.617157000000002,4.904451,5.088101999999999,20.948576,4.229191999999999,3.1512580000000003,23.605534,66.54424300000001,16.199185999999997,78.199516,5.3516330000000005
39,2002-03-01,11.521886,19.404629,26.283123,1.907556,16.836479,4.845583,5.025827,22.153971,4.060122,3.048525,23.875776000000002,68.35414899999999,16.99935,80.57045699999999,5.222266
40,2002-04-01,11.603287,18.769163,27.251781,1.9364729999999999,16.257593,4.923822,5.124528,22.029051000000003,4.21584,3.1311080000000002,23.237375,65.671883,14.944045999999998,76.102203,5.359951000000001
41,2002-05-01,11.644103,18.438927,28.930813,1.930912,16.07645,4.9593989999999994,5.159935,22.336151,4.230412,3.166348,23.118008,65.57002299999999,14.324320000000002,75.650673,5.414067
42,2002-06-01,11.708863000000001,17.657162,27.219501,1.8780130000000002,14.394411999999999,5.005458999999999,5.209783,20.733223000000002,4.3048839999999995,3.180568,21.860643,61.211674,12.410223,69.822678,5.509043
43,2002-07-01,11.757352000000001,15.302439000000001,25.379034,1.806125,13.821804,5.046526999999999,5.280254,20.139051000000002,4.431189,3.194114,19.285408,57.757819999999995,11.233531,64.54441800000001,5.657112000000001
44,2002-08-01,11.797725999999999,15.532964000000002,25.217592,1.8420619999999999,13.932129000000002,5.074033999999999,5.329708,20.333855,4.622324,3.348645,19.867399,57.438235999999996,11.139397,64.983406,5.795118
45,2002-09-01,11.829194000000001,14.34646,23.667728,1.817446,12.841956,5.1678690000000005,5.38779,19.015228,4.8097330000000005,3.4362800000000004,18.073595,50.517185,9.280219,57.910126,5.9727559999999995
46,2002-10-01,11.807422,14.690448000000002,22.311592,1.820945,13.427954000000001,5.0411589999999995,5.394831,20.186609,4.672265,3.303951,19.317532,55.799629,11.578693,62.956173,5.930541000000001
47,2002-11-01,11.831498,15.297166,23.118816,1.902532,13.055683,5.0445660000000005,5.392828,20.810398,4.60709,3.3287519999999997,20.211563,59.306084,13.414335999999999,66.839333,5.843639
48,2002-12-01,11.906108,15.222176999999999,22.440752,1.909026,13.023026,5.148304,5.452172,19.95363,4.755917,3.4767879999999995,18.447439000000003,55.844715,11.610072,62.749912,5.915897
49,2003-01-01,11.928002000000001,14.916997,21.859548999999998,1.939109,12.646037,5.117355,5.47096,19.960423000000002,4.794175,3.4824260000000002,17.873545,54.194679,11.366105000000001,61.507378,5.976458999999999
50,2003-02-01,11.963545,15.355534,22.085573,1.95219,12.258649,5.188413,5.517648,19.515342999999998,4.9424589999999995,3.5870910000000005,17.793547,53.204914,11.421166,60.678284,6.085783
51,2003-03-01,11.961272,15.293859,20.858597,1.965268,12.192986999999999,5.18405,5.520243,20.156557,4.85719,3.545547,18.185585,53.71506899999999,11.24812,60.563961,6.017879
52,2003-04-01,11.982533,15.243407999999999,20.697151,2.038033,12.623219,5.240544,5.543533,20.876652,4.930177,3.6320449999999997,20.343094,57.17828000000001,12.278542,65.953224,6.08937
53,2003-05-01,12.025103,16.86212,21.924131,2.0443700000000002,13.243814000000002,5.375061,5.566423,21.307798000000002,5.210159,3.8261800000000004,21.424754999999998,59.938267,13.332560999999998,69.569862,6.255764
54,2003-06-01,12.030429,16.565928,23.473989000000003,2.08439,13.309839000000002,5.361726999999999,5.5778739999999996,22.185219,5.133375,3.777729,21.705182999999998,60.75272,13.426951,70.057838,6.229509999999999
55,2003-07-01,12.003738,16.057270000000003,24.539526000000002,2.050494,13.350297,5.214237000000001,5.406235,21.915079000000002,4.69143,3.4520519999999997,22.136517,62.647755000000004,13.843835,71.578384,5.9863
56,2003-08-01,12.029678,17.081617,26.799746000000003,2.067318,13.575787,5.256028,5.453879,21.103407,4.7578260000000006,3.516256,23.267809,64.052498,14.504570000000001,73.054771,5.996719000000001
57,2003-09-01,12.086291000000001,16.645575,28.28503,2.111917,13.476304999999998,5.388232,5.569904,21.095823,5.000338,3.695115,22.128487,63.268322,14.378720000000001,71.98168199999999,6.182801
58,2003-10-01,12.081710000000001,16.889381,29.834894,2.1423959999999997,14.134635000000001,5.374230000000001,5.541867,21.302898000000003,4.870701,3.6293830000000002,24.173929,66.732132,15.432735999999998,76.125755,6.097816000000001
59,2003-11-01,12.092462,17.021557,28.930813,2.166506,14.301,5.4363410000000005,5.563141000000001,21.759377999999998,4.887153,3.647339,24.390837,66.850533,15.652979,76.957161,6.093586
60,2003-12-01,12.103214999999999,19.164028,31.126453,2.211215,14.493994,5.477889,5.601507,22.938648,4.915528,3.6962550000000003,25.298674,71.50361600000001,16.030539,80.448952,6.110079
61,2004-01-01,12.122454,19.683298,31.197826,2.2321419999999996,14.555401000000002,5.494681,5.635254,23.652243,5.033222,3.7663910000000005,25.222744,71.95528399999999,16.832945000000002,82.427048,6.200122
62,2004-02-01,12.171799,20.717432000000002,31.359308000000002,2.2387650000000003,15.384077,5.588195,5.668643,23.904175,5.133389,3.828914,25.770536,72.680527,16.40519,83.545624,6.277908999999999
63,2004-03-01,12.158669,20.50082,35.10564,2.255376,15.290517999999999,5.557453,5.691888,22.850592000000002,5.206664,3.8783800000000004,25.577194,71.385948,15.969517000000002,82.15104699999999,6.343424
64,2004-04-01,12.116141,20.938768,32.748034999999994,2.240816,15.547169,5.445782,5.584553,23.619410000000002,4.918815,3.677339,25.321091,70.387863,15.359566000000001,80.879204,6.137106
65,2004-05-01,12.111502,20.875602999999998,32.263584,2.204353,15.459973000000002,5.451979,5.574233,23.54287,4.891348000000001,3.654125,25.482426,70.310898,15.96159,82.264099,6.105274
66,2004-06-01,12.123137,22.089555999999998,34.298241,2.232781,15.4868,5.474271,5.622803,23.389807,4.934958,3.6844050000000004,25.514688,72.211899,16.397270000000002,83.481377,6.139942
67,2004-07-01,12.157312,22.860888,31.779165000000003,2.2574009999999998,14.777316,5.537872,5.677771,22.196238,5.00949,3.747184,24.579025,70.288414,15.399173000000001,81.086617,6.1954080000000005
68,2004-08-01,12.207107,22.508648,32.231293,2.300723,15.039875,5.638356,5.75988,22.556960999999998,5.179796,3.885728,24.530561,70.44413,14.717935999999998,81.284157,6.323879
69,2004-09-01,12.218017999999999,24.60804,31.327016999999998,2.329661,14.582078,5.676734,5.7660029999999995,22.096462,5.229168,3.924949,25.200972,69.943489,15.145695000000002,81.75966600000001,6.336214
70,2004-10-01,12.228942,24.854691,32.069817,2.3690830000000003,14.738407999999998,5.724664,5.8159279999999995,21.669872,5.30534,3.984261,26.257164000000003,69.678299,15.811088,83.157829,6.393273000000001
71,2004-11-01,12.20236,26.531006,33.297073,2.37617,15.103489999999999,5.678098,5.798701,22.093267,5.186503,3.9230160000000005,27.357291999999998,72.482834,16.619068,86.603165,6.299487
72,2004-12-01,12.237586,25.689301999999998,35.267117,2.401109,15.603781,5.752956,5.837257,23.240273000000002,5.267435,4.029713,28.546375,75.086754,16.722048,89.055458,6.350798
73,2005-01-01,12.243072999999999,26.655781,34.341578999999996,2.3969840000000002,15.851519,5.818033,5.88162,22.585747,5.439925,4.137509,27.410017,73.306877,16.092567000000003,87.469994,6.395615
74,2005-02-01,12.240712,31.127993,35.055008,2.4268,15.831147,5.797692,5.858523,23.265255,5.374461,4.100925,27.263958000000002,75.406029,16.1168,89.29847,6.334738
75,2005-03-01,12.235983000000001,30.43232,34.017303000000005,2.360002,15.627493,5.747666000000001,5.841469999999999,23.056767999999998,5.310893,4.058039,26.906927000000003,73.67134899999999,15.801739000000001,87.32195300000001,6.288372
76,2005-04-01,12.265148,28.881252000000003,33.239033,2.347785,15.528817000000002,5.840439,5.898308,23.941204,5.5051309999999996,4.171557,25.230797,71.602249,15.244310999999998,86.022552,6.410801
77,2005-05-01,12.279366,29.686090000000004,32.817448,2.3922849999999998,15.890106,5.900506,5.949574,24.24338,5.645281,4.26773,26.79097,73.588181,16.302612,88.794563,6.487446
78,2005-06-01,12.326834,31.658983000000003,32.882313,2.4220740000000003,15.508367999999999,5.934226,5.966779,24.041935000000002,5.739819000000001,4.343344999999999,26.636574,72.496925,16.092567000000003,88.57164,6.524012
79,2005-07-01,12.333975,34.008495,33.239033,2.4438310000000003,16.083143,5.912962,5.943852,24.659201,5.590546,4.235518,28.189090999999998,75.315659,17.005438,92.33165699999999,6.432241
80,2005-08-01,12.3578,36.180477,36.092701,2.450452,15.802301000000002,5.979733,5.9951099999999995,24.573717000000002,5.751824,4.35078,27.261392999999998,74.152206,16.843872,91.466064,6.538291
81,2005-09-01,12.382465,38.345295,39.530121,2.437065,15.946152,5.941868,5.966225,24.363882,5.592715,4.203303,26.439487,74.979164,16.884262,91.80928,6.463436
82,2005-10-01,12.383261,34.979881,39.270691,2.423207,15.9501,5.908742,5.9365559999999995,23.689213,5.494426,4.115894,25.948545000000003,73.782852,16.496489999999998,90.019501,6.411677
83,2005-11-01,12.400836,35.502907,40.405682,2.4458759999999997,16.094666,5.942528,5.9540489999999995,23.977631,5.526864,4.148715,26.983875,76.946564,17.538628,93.976074,6.442945
84,2005-12-01,12.434467,36.047451,43.843078999999996,2.4682779999999998,16.032715,6.003679,6.030705,24.725962,5.607433,4.2386349999999995,26.617029,76.240959,16.884262,93.301682,6.473723000000001
85,2006-01-01,12.469773,41.421913,45.658085,2.491219,16.141157,6.021557,6.049518,25.127914,5.604830000000001,4.191198,27.228182,77.355438,17.569317,96.04870600000001,6.485931
86,2006-02-01,12.489884,37.600121,44.94162,2.510249,16.279526,6.073118,6.062505000000001,25.417278,5.652283000000001,4.246972,27.424839000000002,78.60674300000001,17.609989000000002,96.59863299999999,6.493732
87,2006-03-01,12.499554,39.079997999999996,46.895592,2.5074,16.327957,6.032661,6.022812999999999,25.010610999999997,5.430418,4.084587,27.580515000000002,79.761513,18.008549,97.803947,6.426939
88,2006-04-01,12.529442,41.169971000000004,48.198254,2.514337,16.57374,6.033766,6.000787,24.315801999999998,5.350526,4.004761,27.938599,81.783684,17.772673,99.433243,6.404587
89,2006-05-01,12.56671,40.024357,45.592934,2.504451,16.608511,6.067762,5.984667,23.80579,5.348037000000001,3.997036,27.47147,80.325287,16.617645,96.43824000000001,6.404627
90,2006-06-01,12.581322,40.888962,44.420555,2.4948919999999997,16.824123,6.040457,5.980416,23.727327,5.386807,4.007982,27.364925,80.57016800000001,16.536312,96.264275,6.4119
91,2006-07-01,12.636649,42.414307,44.192593,2.514122,17.179893,6.120992,6.060698,25.113489,5.485755999999999,4.087782,26.511741999999998,80.769432,16.105204,97.122749,6.498248
92,2006-08-01,12.693753,40.259228,44.648514,2.55062,17.844151999999998,6.213855000000001,6.15942,25.830116,5.6368529999999994,4.21917,27.037388,82.260193,17.235820999999998,99.242226,6.603909
93,2006-09-01,12.734651,38.653786,44.094887,2.5831470000000003,17.746264,6.261067,6.1984010000000005,26.137238,5.726848,4.300145,28.704628000000003,84.56124100000001,17.894679999999997,101.475601,6.666867
94,2006-10-01,12.775648,40.440670000000004,44.974178,2.606923,18.151377,6.301497,6.237502,26.313425,5.770447,4.357593,30.619574,87.60844399999999,18.640142,105.134171,6.704619
95,2006-11-01,12.775648,43.909302000000004,44.974178,2.648356,17.996786,6.354912000000001,6.295227,26.281824,5.881868,4.462892,31.006317,88.84187299999999,19.169926,107.224777,6.780572
96,2006-12-01,12.801132,42.545071,46.276844,2.672441,18.355176999999998,6.338075,6.291556,26.463558000000003,5.755319999999999,4.3607,31.565886,90.62376400000001,18.958004000000003,108.056458,6.7126660000000005
97,2007-01-01,12.828345,42.279216999999996,46.934399,2.688868,18.822636,6.327559,6.28784,27.365365999999998,5.706511,4.334668,32.587109000000005,92.201706,19.451926999999998,110.292755,6.695728
98,2007-02-01,12.880432,41.413094,48.41032,2.731468,18.533051,6.404984,6.365,26.730989,5.8766370000000006,4.480018,31.612621,89.644142,18.927311,108.12910500000001,6.823441000000001
99,2007-03-01,12.913582,43.873135,47.787151,2.733193,18.822636,6.392011,6.373716,26.683413,5.783377,4.3890769999999995,31.406174,90.48670200000001,19.115847,108.95006599999999,6.8227660000000006
100,2007-04-01,12.942677999999999,46.273410999999996,46.835995000000004,2.767512,19.448357,6.41092,6.401276999999999,28.741171,5.858529,4.434669,32.20779,95.888412,20.01754,114.227356,6.862663
101,2007-05-01,12.971019,49.873333,47.88554,2.783887,19.710989,6.381901999999999,6.366039,29.234641999999997,5.744782,4.354214,33.175755,100.095253,21.025797,118.101982,6.780701
102,2007-06-01,13.00112,50.37719,47.590363,2.7206580000000002,19.199934,6.353298000000001,6.330595,28.104418,5.694731,4.303251,32.538715,98.81953399999999,20.984802,115.875809,6.769186
103,2007-07-01,13.054775999999999,50.530784999999995,47.327984,2.629713,18.768310999999997,6.371874,6.384039,26.911572999999997,5.830699,4.3293040000000005,30.665125,97.446053,20.95853,112.73151399999999,6.891729
104,2007-08-01,13.101056,51.138649,46.147224,2.678504,19.211094,6.307085,6.463208,27.527744000000002,5.946193,4.370557,30.855728000000003,98.468414,21.36047,114.178154,7.028225999999999
105,2007-09-01,13.165148,54.778316000000004,47.032795,2.754747,19.982393,6.404694999999999,6.517592,28.287952,5.959618,4.40205,30.524225,102.762337,22.123341,118.03854399999999,7.0617779999999994
106,2007-10-01,13.211675,56.317524,47.098392,2.766616,20.40251,6.423463,6.585160000000001,28.916576,6.042932,4.477771,30.434834999999996,102.969162,23.342934,120.207443,7.120141
107,2007-11-01,13.276114999999999,53.9459,46.147224,2.715161,20.962667,6.4428220000000005,6.730519999999999,29.285965,6.316992,4.549176,28.774008000000002,99.529205,21.583994,115.551521,7.368005999999999
108,2007-12-01,13.339068,58.263332,43.588978000000004,2.727732,20.682582999999997,6.437314,6.733796000000001,28.354459999999996,6.269424,4.525601999999999,27.154682,98.61834,21.912771,113.64717900000001,7.387569999999999
109,2008-01-01,13.488396,51.23587,42.152935,2.7082200000000003,19.633776,6.518129,6.827787,27.160303000000003,6.458636,4.527737999999999,27.248425,93.972351,19.198083999999998,107.34261299999999,7.617780000000001
110,2008-02-01,13.440485,55.984016000000004,41.523284999999994,2.66978,19.58325,6.181453,6.869725999999999,26.434952000000003,6.483014,4.499584,26.194623999999997,91.848,18.28978,104.568634,7.723075
111,2008-03-01,13.525402,54.519089,40.993065,2.662655,20.110178,6.347188,6.885646,25.121257999999997,6.539201,4.495263,25.692808,91.56603199999999,18.496218,103.123024,7.793946000000001
112,2008-04-01,13.546902,60.35335500000001,44.008728000000005,2.760816,20.065315,6.428972,6.873785000000001,25.484678,6.428048,4.502519,26.337999,96.13183599999999,19.657553,108.57294499999999,7.627828
113,2008-05-01,13.583119,63.490997,44.870335,2.754164,20.6749,6.478738,6.828784,25.970406,6.290311,4.411617,27.058214000000003,94.70359,20.937765,110.21419499999999,7.52694
114,2008-06-01,13.585709,65.321899,41.324451,2.671023,19.412198999999998,6.411367,6.830168,24.756081,6.404747,4.439553,23.85075,85.375755,18.922466,100.500275,7.585649
115,2008-07-01,13.663742000000001,55.07216999999999,39.957642,2.640047,19.970278,6.411412,6.832876,25.985872,6.4233139999999995,4.363021,23.979263,85.777733,18.512601999999998,100.09539000000001,7.643852000000001
116,2008-08-01,13.715914999999999,55.257225,37.99305,2.658024,20.509621,6.475042,6.902764,26.522671000000003,6.538721,4.4223989999999995,25.635033,87.224129,18.843933,101.64222,7.716475
117,2008-09-01,13.645335999999999,46.855743,35.495705,2.494809,20.116047000000002,6.140837,6.945836999999999,24.44054,6.5589949999999995,4.168425,23.449755,82.041588,16.441839,91.54034399999999,7.758176
118,2008-10-01,13.700363000000001,38.169841999999996,29.968228999999997,2.1071880000000003,17.699360000000002,5.893884,6.8399589999999995,21.733,6.321219,3.780325,19.382593,71.006416,13.838573,76.861427,7.6558720000000005
119,2008-11-01,13.784537,37.338135,28.8361,1.975761,17.662672,5.837827,7.100533,20.360384,7.086189,4.093311,17.282389000000002,67.174019,12.674973,71.51136,8.085526
120,2008-12-01,13.845154,35.474194,31.899517,2.144012,17.515911,5.761014,7.224128,21.69215,7.6655679999999995,4.630961,18.193320999999997,66.882286,12.807953,71.630463,8.223562
121,2009-01-01,13.976397,35.023734999999995,28.302999,2.268811,16.392567,6.032472,7.218641000000001,21.56127,7.063478999999999,4.370849,16.385386999999998,61.385746,12.266497,66.28229499999999,8.182367
122,2009-02-01,13.972864999999999,30.701746000000004,24.744139,2.20455,15.067847,6.091961,7.253769,18.889748,6.992096000000001,4.255007,14.898126000000001,54.334637,11.798567,59.160328,8.134314
123,2009-03-01,14.000281,31.694532000000002,26.523569000000002,2.245551,15.615495000000001,6.071203,7.3705039999999995,19.900818,7.129892999999999,4.244088,16.699837,58.520134,13.051955,63.633556000000006,8.317262
124,2009-04-01,14.047253,34.348411999999996,28.571589000000003,2.423705,16.377995000000002,6.260847,7.396845,19.999407,6.993200999999999,4.263132,19.900005,63.169579000000006,14.486638000000001,70.455978,8.249044
125,2009-05-01,14.065014000000001,38.775139,31.458969,2.529187,17.211781,6.437511,7.410069999999999,21.364134,6.805032000000001,4.450319,19.754757,66.156013,14.822559,74.57441700000001,8.1576
126,2009-06-01,14.091707000000001,36.051567,31.660414000000003,2.573414,17.115007000000002,6.385612999999999,7.408825,21.761147,6.854061,4.623188,19.720573,65.78447,15.29285,74.106941,8.130055
127,2009-07-01,14.160321,38.173916,33.317378999999995,2.722529,18.393744,6.490489,7.476744999999999,23.167271,6.908217999999999,4.872841,21.684042,71.467812,16.619032,80.085594,8.177772000000001
128,2009-08-01,14.174598000000001,38.588676,34.498847999999995,2.730085,18.618793,6.670016,7.523219999999999,23.790712,7.024755,4.9918830000000005,22.447742,74.210098,16.88899,83.043922,8.247872000000001
129,2009-09-01,14.231816,40.662525,33.553672999999996,2.845288,19.098886,7.015851,7.583203,23.83227,7.166533,5.150028,23.571846,76.069626,17.606056,85.580811,8.328114
130,2009-10-01,14.215697,41.850613,32.237183,2.8905540000000003,19.514785999999997,6.848364,7.627045,23.436111,7.060612,5.112502,23.088858,76.182106,17.451197,84.335274,8.346789999999999
131,2009-11-01,14.270382000000001,43.039845,32.270934999999994,2.909554,20.232517,6.875143,7.732788,25.615253,7.196797,5.165585,24.638447,81.375633,18.416473,89.530899,8.511667
132,2009-12-01,14.288332,43.183772999999995,32.878544,2.988744,19.998314,6.928281,7.567778999999999,25.940863,6.756146,5.037388,25.62846,82.028099,19.415617,90.752472,7.998182000000001
133,2010-01-01,14.325178,41.507175,33.51585,3.015155,19.981796,6.975552,7.716539,26.260447999999997,6.968951,5.1315610000000005,25.024122,79.561462,17.811277,87.925079,8.406609
134,2010-02-01,14.351272,42.756203,33.856449,3.0184759999999997,20.614807,7.044022999999999,7.748233,26.361197999999998,6.956588000000001,5.111764,26.417721000000004,81.737434,18.43161,90.667923,8.442528
135,2010-03-01,14.330559,43.807213,35.559498,3.098159,21.301208,7.048786,7.7309529999999995,26.974047,6.835178,5.1181470000000004,28.425884000000003,86.158218,19.629797,95.793274,8.327237
136,2010-04-01,14.355803,45.787209000000004,35.389198,3.152572,21.161684,7.1375779999999995,7.814201,26.011421,7.039114,5.288233,30.197239,87.508011,19.939514000000003,97.675789,8.468098
137,2010-05-01,14.355803,40.544331,32.391846,3.023551,20.181339,7.184882000000001,7.924197,24.318325,7.337948,5.284397,28.072504,80.714722,18.447672,89.91499300000001,8.624651
138,2010-06-01,14.363920000000002,37.96875,31.335959999999996,3.0789560000000002,19.530327,7.177999000000001,8.033008,23.753954,7.682992,5.502733999999999,25.262655,78.033752,17.3906,84.858963,8.805067999999999
139,2010-07-01,14.425379999999999,41.335728,33.037029,3.184148,20.812128,7.267139,8.110586999999999,24.187935,7.669667,5.586403,27.353865000000003,83.751221,18.752474,91.086205,8.900757
140,2010-08-01,14.458860000000001,39.308853000000006,32.179379,3.193305,20.426426,7.461305,8.139227,23.790026,8.214858999999999,5.876722,26.266325,80.223541,17.700212,86.989113,9.079697999999999
141,2010-09-01,14.456137,43.040131,33.929008,3.2831580000000002,21.506376,7.467587,8.112772999999999,25.813451999999998,8.06637,5.814369,29.067827,86.719566,19.693521,94.274666,9.113298
142,2010-10-01,14.461579,45.690670000000004,34.374989,3.3550470000000003,22.351189,7.452197999999999,8.203616,26.524857,7.799688000000001,5.685825,30.776007,89.613068,20.90663,98.400139,9.154548
143,2010-11-01,14.431632,48.367031,35.232647,3.299662,22.001587,7.255221000000001,8.197714999999999,25.758983999999998,7.675486,5.628865,31.552821999999995,88.769615,20.563189,98.400139,9.065785
144,2010-12-01,14.409826,52.639908,37.428249,3.3429919999999997,22.770708,7.106116,7.97421,26.805681,7.1928220000000005,5.5828690000000005,32.652592,93.469849,21.627844,104.429214,8.691463
145,2011-01-01,14.416188,56.67017,37.753716,3.410892,22.632584,7.0213470000000004,8.161328,27.098692,7.223069000000001,5.495468,32.643242,96.296227,22.394951000000002,107.42443100000001,8.882676
146,2011-02-01,14.441689000000002,60.845893999999994,39.826199,3.45482,23.290869,7.128458,8.183428999999999,27.945532,7.315103999999999,5.6123970000000005,34.601131,99.29969799999999,22.886105999999998,111.156075,8.84575
147,2011-03-01,14.456273000000001,61.783276,35.646694000000004,3.462615,23.447615,7.104961,8.197214,28.321896000000002,7.317152,5.588205,34.285069,100.251114,22.455258999999998,110.68856799999999,8.830831
148,2011-04-01,14.490948000000001,62.558696999999995,36.372054999999996,3.520896,24.842075,7.219328,8.310658,30.281219,7.467427000000001,5.743461,35.721325,104.54274000000001,23.119076,114.38903799999999,8.978146
149,2011-05-01,14.533881,59.939133,35.473988,3.5414790000000003,25.464705,7.369322,8.416752,31.028793,7.712573,5.892197,35.624416,102.562546,22.876986,113.106232,9.136092
150,2011-06-01,14.549423,58.571056000000006,36.026657,3.508079,24.613514000000002,7.426986,8.415984,30.530405,7.558108,5.766259,35.421803000000004,101.53164699999999,22.219908,110.64958999999999,9.121071
151,2011-07-01,14.582377,59.645233,37.316383,3.5595230000000004,24.468662,7.512271000000001,8.508702,29.462494,7.874244999999999,6.027522,35.051838000000004,99.49098199999999,22.404369,108.97368600000001,9.319958
152,2011-08-01,14.61445,53.551970999999995,34.319922999999996,3.445097,24.516281,7.60663,8.648289,28.840778000000004,8.56241,6.1055470000000005,33.213035999999995,95.322319,21.215141,102.98278,9.574936
153,2011-09-01,14.610781,45.648682,32.961067,3.3796370000000002,23.540073,7.722466000000001,8.6724,27.398746000000003,9.434925,6.407038,30.817315999999998,89.893394,20.485979,95.340385,9.644883
154,2011-10-01,14.597012,54.600334,32.75201,3.5619449999999997,24.811403,7.698342,8.673204,29.135116999999997,9.118744,6.521977,34.613106,98.665451,22.663887,106.293617,9.603511
155,2011-11-01,14.610795000000001,55.508904,32.856541,3.4892769999999995,25.498832999999998,7.740946000000001,8.720917,29.412924,9.286431,6.317803,34.364715999999994,99.52784,22.324057,105.86168700000002,9.634742999999999
156,2011-12-01,14.642988,54.146042,31.741573,3.5857699999999997,25.970446,7.8926169999999995,8.673143,30.116117,9.224574,6.496251,34.613106,101.14711,22.175924,106.293617,9.344008
157,2012-01-01,14.675212,55.602276,33.674820000000004,3.68909,25.834209,8.112828,8.813353,31.254070000000002,9.586077000000001,6.711328999999999,36.866108000000004,104.96464499999999,23.655718,111.928329,9.811656
158,2012-02-01,14.698246,58.897976,35.226326,3.761161,26.802078,8.147719,8.802995,31.585808,9.384319999999999,6.7391380000000005,38.534534,107.788284,25.336037,116.786644,9.749131
159,2012-03-01,14.692719,56.436023999999996,35.896309,3.742611,27.487665000000003,8.113512,8.792597,32.83424,8.91359,6.558669999999999,40.229729,110.16421499999998,26.394983,120.016953,9.60967
160,2012-04-01,14.706566,56.251316,34.344784000000004,3.782564,27.714273,8.214992,8.868723,32.912209000000004,9.423708999999999,6.754586,40.81897,110.376755,26.181238,119.738235,9.816823
161,2012-05-01,14.719495000000002,50.242443,31.347555,3.7443760000000004,27.389936,8.301069,8.904937,31.718909999999997,10.15858,6.95069,38.572635999999996,103.71264599999999,24.521862,112.54724099999999,9.937242999999999
162,2012-06-01,14.724125,52.40596,33.181152000000004,3.82385,28.192659000000003,8.306328,8.908966,33.350918,10.011353999999999,6.9462470000000005,39.181202,108.06472,25.224247000000002,116.51087199999999,9.916183
163,2012-07-01,14.755598999999998,55.26147099999999,32.00565,3.9024550000000002,29.088909,8.453241,8.972014,33.865902,10.344321,7.308534,39.10416,109.29821000000001,25.789326000000003,118.49996200000001,10.003963
164,2012-08-01,14.759298000000001,56.753105000000005,32.254864000000005,3.936724,28.950117,8.479692,8.993079,34.262863,10.226626,7.27763,40.909389000000004,110.48053,26.873423,121.468681,10.013266
165,2012-09-01,14.781557999999999,58.260616000000006,32.646469,3.983708,29.252191999999997,8.536551,9.020719999999999,35.392014,10.019819,7.27261,42.02306,113.455055,27.173101000000003,123.886734,10.006538
166,2012-10-01,14.784347,57.333973,32.254864000000005,4.02361,29.096909999999998,8.584475999999999,8.974323,35.48814,9.975184,7.399512,41.520813000000004,110.764046,25.550697,122.281479,9.975202000000001
167,2012-11-01,14.806643,56.632622,33.216099,4.051019999999999,29.631332,8.748459,8.976792,35.674301,10.111044,7.367603999999999,42.836643,110.492645,25.780806,122.973526,10.037117
168,2012-12-01,14.790835000000001,56.919548,34.711357,4.104798000000001,28.69405,8.636773,8.912271,35.355156,9.767952000000001,7.2604880000000005,42.755542999999996,111.186516,25.532999,123.198517,9.929341
169,2013-01-01,14.802934,61.959702,35.87682,4.1324819999999995,30.653865999999997,8.687422999999999,8.938741,38.246803,9.584036,7.209731,45.469715,118.22013100000001,26.169456,130.423569,9.921947
170,2013-02-01,14.824347,62.232052,36.740456,4.1466650000000005,31.66818,8.730538000000001,8.979269,38.72813,9.707549,7.292697,46.195351,119.945374,26.37418,132.08763100000002,9.993889999999999
171,2013-03-01,14.825284,63.529697,38.863552,4.179421,33.064941,8.694247,8.98757,40.956447999999995,9.683912,7.243614,48.072906,124.572861,26.94385,136.496048,10.013603999999999
172,2013-04-01,14.845795,62.97760400000001,42.10218,4.247939,34.205845000000004,8.784102,9.053185000000001,42.369053,10.085922,7.534781,49.68148,127.15151999999999,27.527719,139.737167,10.09261
173,2013-05-01,14.828994,64.771912,39.007492,4.212865,33.462241999999996,8.694003,8.836841999999999,43.067291,9.455797,7.175982,51.055202,129.923462,28.296349,143.036346,9.906013
174,2013-06-01,14.784168,63.001736,40.374916,4.088314,33.144740999999996,8.386125999999999,8.735949,42.619690000000006,9.147957,6.8232539999999995,51.309944,128.091324,27.340028999999998,140.38475,9.745866
175,2013-07-01,14.803799,66.634628,40.549595000000004,4.164086,34.807536999999996,8.280588,8.718405,45.879036,8.970222,6.872145,54.184948,133.790619,28.502119,148.420654,9.757062
176,2013-08-01,14.795371,65.947411,39.284676,4.121441,33.226528,8.1213,8.691656,44.260422,8.854772,6.768128999999999,52.642536,127.92053999999999,28.205687,143.969101,9.656964
177,2013-09-01,14.824379,67.030777,43.07943,4.162857,33.470402,8.332366,8.841656,45.492363,8.933278,6.803903999999999,55.334908,130.977875,28.780581,147.804779,9.799527000000001
178,2013-10-01,14.861844,70.168236,43.043289,4.267215,35.840103000000006,8.401122,8.908828,47.648438,9.050186,6.951039,58.041962,134.961487,30.373103999999998,155.40296899999998,9.846258
179,2013-11-01,14.862785999999998,70.208855,43.5854,4.2806809999999995,36.398663,8.383673,8.850779,49.896778000000005,8.825083,6.902271000000001,60.046569999999996,139.835495,31.311829,160.008759,9.833257000000001
180,2013-12-01,14.862785999999998,71.89016,43.874519,4.293497,36.373257,8.356614,8.785851,50.059311,8.543688000000001,6.851856,61.17244,144.239105,32.259575,163.27081299999998,9.646738000000001
181,2014-01-01,14.890935999999998,68.038895,41.256657000000004,4.3214,34.756737,8.570683,8.966685,50.736931,9.154321000000001,7.182392999999999,57.732315,136.972183,31.584108,158.370972,9.847642
182,2014-02-01,14.919104,71.52325400000001,42.276237,4.407684,36.112564,8.697333,8.995526,53.892124,9.211677,7.297629,61.42675,142.566772,32.971916,165.579346,9.869508999999999
183,2014-03-01,14.899374,72.673828,41.256657000000004,4.412048,36.717991,8.724673,8.964945,53.030792000000005,9.25871,7.317158,59.478446999999996,144.021988,32.971916,166.21933,9.78555
184,2014-04-01,14.918173000000001,76.86895,40.346313,4.440342,37.915813,8.852145,9.04491,52.877644,9.436832,7.472486999999999,58.854321,145.33403,33.204853,168.11351000000002,9.857459
185,2014-05-01,14.927581,78.156387,42.167,4.482618,38.601452,9.002754,9.143049000000001,54.397011,9.702927,7.646786,60.550621,146.752151,34.452888,172.014771,9.958574
186,2014-06-01,14.936994,82.084305,43.842033,4.510473999999999,38.241486,8.999504,9.180659,55.34319300000001,9.680409,7.668715,61.527836,147.974701,34.935688,174.728745,9.94624
187,2014-07-01,14.945469000000001,79.606705,43.994762,4.4567559999999995,37.22657,9.011731,9.131853,55.624106999999995,9.737658999999999,7.690067,60.938373999999996,145.964539,35.691639,173.206863,9.90658
188,2014-08-01,14.953948,81.34498599999999,43.261524,4.5290610000000004,38.943787,9.147405000000001,9.221142,58.318089,10.151067,7.933321,63.64819,151.063187,36.863049,180.042191,10.008967
189,2014-09-01,14.953007000000001,74.65550999999999,43.151534999999996,4.445932,38.926533,9.168747999999999,9.206515,58.363766000000005,9.949487,7.732761,61.678261,150.613831,36.515293,176.73216200000002,9.943555
190,2014-10-01,14.961492999999999,72.389816,44.214737,4.533233999999999,40.562492,9.237848,9.303932000000001,61.65114200000001,10.209041000000001,7.8945289999999995,63.192958999999995,153.975571,37.260684999999995,181.739944,10.055071
191,2014-11-01,14.969988,66.096489,42.601601,4.509298,42.811619,9.266676,9.358379,63.795692,10.502642999999999,8.020444,66.635643,158.243607,39.052948,186.732681,10.140147
192,2014-12-01,14.959598000000002,65.549973,41.208431,4.491959,42.108238,9.335395,9.368783,63.575748,10.641459,8.041576,66.951141,158.448578,38.005154,185.236679,10.092255
193,2015-01-01,14.987006,62.949256999999996,42.375820000000004,4.520687000000001,41.999966,9.522186,9.446031,65.255257,11.768148,8.625110000000001,65.21601899999999,153.050751,36.86322,180.74031100000002,10.376953
194,2015-02-01,14.986056,65.8405,45.547558,4.610311,43.740486,9.426475,9.420853999999999,66.451073,11.103667999999999,8.372821,70.788124,161.883865,39.810429,190.89875800000002,10.213942999999999
195,2015-03-01,14.974707999999998,64.640686,46.211411,4.576022,42.629692,9.453197,9.422630999999999,68.70475,11.14298,8.346192,70.210411,159.0914,38.286011,187.065536,10.280906
196,2015-04-01,14.974713000000001,69.358154,47.428463,4.6266620000000005,42.56517,9.407125,9.488161,68.472603,10.881721,8.205142,70.40884399999999,159.905762,39.500256,189.748367,10.270192999999999
197,2015-05-01,14.964282,65.759384,48.129196,4.6397639999999996,42.934765000000006,9.376823,9.470587,68.500275,10.644926,8.016562,71.334396,161.743317,40.233124,192.187805,10.257649
198,2015-06-01,14.973763,63.049828000000005,47.244068,4.57627,41.887577,9.347377999999999,9.399249000000001,68.62017800000001,10.248728,7.757961999999999,71.50269300000001,158.240143,38.405609000000005,187.372604,10.182304
199,2015-07-01,14.992726000000001,58.587749,47.928841,4.58868,44.546741,9.418397,9.451336999999999,71.31871,10.679686,7.957972,75.23764,159.436234,39.677975,192.537247,10.268524000000001
200,2015-08-01,15.002220000000001,56.096644999999995,44.926338,4.5316410000000005,41.890408,9.448959,9.44254,65.246658,10.65442,7.854544000000001,70.323082,149.200256,37.758377,182.164932,10.264996
201,2015-09-01,15.021201999999999,51.680176,42.36866,4.451525,41.784153,9.513632000000001,9.505422,61.303543000000005,10.80756,7.963118,69.64780400000001,147.364105,36.807899,175.27749599999999,10.387487
202,2015-10-01,15.039257000000001,57.87151,45.667698,4.575375,44.459839,9.560576,9.497434,66.328499,10.755450999999999,8.038867999999999,76.227257,160.24801599999998,40.858447999999996,192.05793799999998,10.337873
203,2015-11-01,15.017397,57.862999,45.890102,4.509594,44.040993,9.633366,9.499212,66.059128,10.669267,8.028692999999999,76.04840899999999,160.995087,41.148621,191.874023,10.298136999999999
204,2015-12-01,15.025954999999998,51.312805,44.926338,4.410868,44.994534,9.723583999999999,9.500119,66.91375,10.44485,7.883061,73.581863,158.563293,40.090889000000004,187.442459,10.185083
205,2016-01-01,15.064017999999999,49.966389,42.940422,4.386678,45.568352000000004,9.832187,9.618036,62.010265000000004,11.191222,8.080594,70.057686,150.146072,38.796467,179.170334,10.501004
206,2016-02-01,15.092588000000001,48.56723,40.662712,4.40693,45.711994,9.836564,9.64671,61.786373,11.513856,8.200799,70.369644,150.764359,38.542465,179.022339,10.588758
207,2016-03-01,15.072578,53.125237,42.604362,4.532684,47.633121,9.908516,9.676326,63.23236800000001,11.510406,8.489881,74.774849,162.04298400000002,41.731606,190.08406100000002,10.601589
208,2016-04-01,15.091643,58.354431000000005,42.641705,4.651662,47.1922,9.999871,9.69974,65.34108,11.446415,8.673833,75.177521,163.26445,39.834084000000004,191.81749,10.598071000000001
209,2016-05-01,15.083059,57.809794999999994,44.023270000000004,4.648389,47.517036,10.073157,9.719576,66.801651,11.532945,8.678824,75.215508,163.438156,41.781826,195.080612,10.575124
210,2016-06-01,15.132698999999999,58.994170999999994,42.940422,4.687037,49.763851,10.287477,9.792684,67.138687,12.283828999999999,9.031049000000001,74.095428,165.259186,41.006512,194.745926,10.792095
211,2016-07-01,15.15276,58.634246999999995,45.386196000000005,4.782091,49.654755,10.282214999999999,9.818924,70.689644,12.530255,9.284369,77.74958000000001,170.336151,44.132484000000005,202.898254,10.797647
212,2016-08-01,15.154675,59.617596,46.214138,4.8617,49.364273,10.321812,9.825287,68.395988,12.405251,9.290344000000001,76.739838,170.28466799999998,44.64555,203.14119,10.719333
213,2016-09-01,15.127882000000001,61.445023,47.192612,4.891662,48.302181,10.272394,9.860667999999999,67.784981,12.244225,9.196218,76.24449200000001,169.808533,45.396133,202.131958,10.751621
214,2016-10-01,15.129797,60.07423000000001,47.531315,4.9050910000000005,48.226849,10.151121,9.841581,63.565037,11.723413,8.967046,74.68016800000001,168.640411,45.240463,199.630951,10.671211999999999
215,2016-11-01,15.056003,65.160667,46.93858,4.860446,46.199116,9.70282,9.675916,64.876724,10.80153,8.503442999999999,78.265968,178.339691,45.316776000000004,206.985031,10.388158
216,2016-12-01,15.077105,65.939835,45.969521,4.9255,47.231246999999996,9.804171,9.611145,65.055992,10.511981,8.465289,77.835663,184.552414,46.137253,209.943558,10.271413
217,2017-01-01,15.118378,64.15862299999999,48.132938,4.976448,48.393291,9.854199000000001,9.669089,66.83892800000001,10.833554,8.628064,81.595741,185.750626,47.989052,214.960022,10.414216
218,2017-02-01,15.159689000000002,62.820873,48.761124,5.051539,50.702988,9.931313000000001,9.713341,71.07560699999999,11.005009,8.788282,83.077026,194.949814,50.164268,223.40609700000002,10.455538
219,2017-03-01,15.161610999999999,61.518345,49.018112,5.037831,50.224486999999996,9.96997,9.705950999999999,70.4785,10.935871,8.713239,84.596779,193.93945300000001,51.084194000000004,222.71646099999998,10.459284
220,2017-04-01,15.193361999999999,60.063499,49.360764,5.104106,51.043713000000004,10.056525,9.754096,71.818428,11.111730999999999,8.8398,86.88546,196.898346,52.310219000000004,225.90570099999997,10.541183
221,2017-05-01,15.226116000000001,57.938618000000005,50.721855,5.152557,52.394268,10.232038000000001,9.821796,72.370148,11.304688,9.026800999999999,87.840576,197.93991100000002,54.378395,229.09388700000002,10.603387
222,2017-06-01,15.220331,57.478221999999995,51.064503,5.16732,50.821692999999996,10.228433,9.779060000000001,75.376068,11.377256,9.145543,86.47063399999999,201.586029,52.637283,229.435486,10.552435000000001
223,2017-07-01,15.253134,59.389407999999996,52.456638,5.22489,51.567799,10.32403,9.820015,76.296127,11.309171000000001,9.211185,88.40844,207.129517,55.205948,235.29321299999998,10.596835
224,2017-08-01,15.285960999999999,56.135563,52.408737,5.231025,50.999176,10.439105,9.870436,77.633163,11.680788,9.357061,86.763367,208.133392,56.818855000000006,235.97972099999998,10.688649
225,2017-09-01,15.270501000000001,61.047523,53.366676,5.272473000000001,50.318684000000005,10.417145,9.855483999999999,78.05336,11.416053999999999,9.318332,87.1698,212.727036,57.07962,239.545776,10.600483
226,2017-10-01,15.273397000000001,61.336636,56.183014,5.277817,49.799683,10.448389,9.859214999999999,77.74640699999999,11.412321,9.38476,89.333015,222.509201,61.015221,246.407227,10.57767
227,2017-11-01,15.209497,60.605038,57.390011,5.264501999999999,52.576237,10.452972,9.834769,80.008553,11.485638,9.425586000000001,93.858429,231.46362299999998,61.877865,253.938919,10.536764
228,2017-12-01,15.223063,65.265579,57.409172,5.27698,53.364174,10.576945,9.857344,79.251289,11.689963,9.482513,95.839516,236.356415,61.984497,255.71165499999998,10.543386
229,2018-01-01,15.249255999999999,68.05502299999999,60.692032,5.292243,54.639637,10.453577000000001,9.747798,84.78411899999999,11.292524,9.436625999999999,105.052429,250.361877,66.593544,271.504028,10.379333
230,2018-02-01,15.265765,60.681270999999995,58.888828000000004,5.231123999999999,50.472202,10.412605000000001,9.685309,80.97316,10.968983,9.122678,101.408089,239.730804,66.32114399999999,261.63205,10.329628999999999
231,2018-03-01,15.260905,61.290455,58.512753000000004,5.198633,49.735110999999996,10.471401,9.746089999999999,78.33627299999999,11.2679,9.170233999999999,98.699203,231.891327,63.645737,253.44552599999997,10.403336999999999
232,2018-04-01,15.257983,67.587273,58.47418199999999,5.223116,47.942809999999994,10.439598,9.702355,79.442047,11.038889999999999,9.022222,101.345055,232.449707,63.883883999999995,255.775681,10.308424
233,2018-05-01,15.295016,69.61093100000001,57.606327,5.201212,47.19207,10.575818,9.773895,79.586906,11.237210000000001,9.062864999999999,103.358276,235.116211,68.216972,261.993317,10.385278999999999
234,2018-06-01,15.333054999999998,69.537689,55.84169,5.216772,48.969139,10.59092,9.7787,80.60092900000001,11.311682000000001,9.002595,106.817894,234.37944,67.79734,262.322113,10.395849
235,2018-07-01,15.370160999999998,71.095215,56.87646899999999,5.2774529999999995,51.301922,10.614552,9.773931,86.201736,11.166033,9.117814,109.028778,245.79264799999999,69.457573,273.261749,10.358217999999999
236,2018-08-01,15.377982999999999,68.62458000000001,56.575230000000005,5.330108999999999,51.503029,10.648688,9.817183,89.93360899999999,11.298646000000002,9.141299,114.594376,251.604477,74.041054,281.98425299999997,10.437484
237,2018-09-01,15.358405,69.823021,58.528442000000005,5.355167,51.646687,10.578324,9.764219,92.230919,10.988737,9.061630000000001,114.85893999999999,256.549347,73.776634,282.382538,10.353249
238,2018-10-01,15.368208,62.339031000000006,53.290714,5.267529,53.05305500000001,10.48675,9.700515,86.313965,10.677131,8.774104,103.56604,244.230972,68.10112,264.058624,10.345482
239,2018-11-01,15.409429000000001,61.364399,53.776592,5.229156,54.258591,10.588163,9.781763,93.291092,10.868439,8.77868,106.131111,248.58317599999998,66.764648,268.956757,10.445617
240,2018-12-01,15.459554,53.233222999999995,49.257957,5.116093,48.97353,10.716874,9.942812,84.182877,11.467605,9.056952,97.305679,227.41777000000002,60.907749,243.85150099999998,10.643497
241,2019-01-01,15.510731,59.755428,53.156288,5.372893,51.961872,10.790092,10.016774,88.631439,11.525007,9.299275,107.326523,244.57641600000002,65.416061,264.91360499999996,10.706058
242,2019-02-01,15.541292000000002,61.132675,53.234634,5.4568389999999996,52.886456,10.862696000000001,10.022674,89.589417,11.377182000000001,9.285283999999999,108.73741100000001,253.71447799999999,69.936363,273.50100699999996,10.680669
243,2019-03-01,15.580763000000001,61.947773,53.58718100000001,5.509448,54.609116,11.08752,10.13603,89.687157,11.996936999999999,9.698442,112.328773,254.263245,73.035431,277.230438,10.867975
244,2019-04-01,15.592621,62.424186999999996,54.272686,5.5930550000000006,56.474033,11.150742999999999,10.132086,87.57807199999999,11.770888000000001,9.684044,118.869919,261.351288,77.93502,289.826965,10.862035
245,2019-05-01,15.645067999999998,55.493407999999995,51.628586,5.531275,54.41901,11.330152,10.255889999999999,85.635384,12.554722,10.015423,109.83116899999999,244.220535,71.182167,271.34432999999996,11.083753999999999
246,2019-06-01,15.687681,60.157996999999995,53.450081000000004,5.683407,56.826324,11.383017,10.329814,90.894386,12.682906,10.32973,118.008614,262.21810899999997,77.271622,288.821503,11.199448
247,2019-07-01,15.739285,59.744713,53.709217,5.708736,58.600452000000004,11.474221,10.366318,89.804192,12.711461,10.439322,119.925476,265.48242200000004,80.25730899999999,294.614288,11.184622000000001
248,2019-08-01,15.760152,54.770748,53.284286,5.763533,59.872448,11.703371,10.480125,89.272087,14.072514000000002,11.172683000000001,118.792984,261.356171,79.025185,289.681458,11.464308
249,2019-09-01,15.751184,56.409679000000004,56.071041,5.789130999999999,60.562672,11.627433,10.483143,88.808983,13.703460999999999,10.952244,119.90560900000001,267.05523700000003,80.018837,293.96054100000003,11.384830000000001
250,2019-10-01,15.781072,55.733231,57.988167000000004,5.823678,60.663086,11.628423,10.514969,93.749039,13.551839999999999,10.965017999999999,120.452881,268.986206,83.39791899999999,301.845947,11.404752
251,2019-11-01,15.802035,56.627502,58.729324,5.859369999999999,61.496262,11.660258,10.526981,98.43897199999999,13.499551,11.007495,122.047615,279.57724,87.873329,312.772247,11.363964999999999
252,2019-12-01,15.83,57.733321999999994,58.541568999999996,5.934043,62.468295999999995,11.671194,10.528,100.783936,13.057623,10.773278999999999,125.00785800000001,284.232056,91.37191,320.285309,11.322032
253,2020-01-01,15.86,60.869999,59.41,5.97,62.509997999999996,11.79,10.56,101.870003,13.37,11.07,126.18,286.980011,92.559998,323.640015,11.4
